{
    "loss": 1.0118587017059326,
    "accuracy": 0.9007735252380371
}